{
    "accuracy": 0.994,
    "precision": 0.9913793103448276,
    "recall": 0.9966666666666667,
    "f1_score": 0.9940159574468085,
    "roc_auc": 0.9998137777777778,
    "avg_latency_ms": 0.24731153592817484
}