{
    "train_loss": [
        0.28142268999399883,
        0.1402394766275372,
        0.11300598976761103,
        0.0989377849208457,
        0.08175151618649917,
        0.0754690208311991,
        0.07346817384061537,
        0.0708071685116738,
        0.06778111340351668,
        0.06305211898584717,
        0.06107486718979531,
        0.05929833034096685,
        0.05724491251273347,
        0.051253505710113265,
        0.05231375685051483
    ],
    "val_loss": [
        0.49426901865005496,
        0.4860075181648135,
        0.12828326307237148,
        0.09033596152067185,
        0.08417943340539932,
        0.06306717234353225,
        0.04208474225612978,
        0.04119354763937493,
        0.047726774003977575,
        0.032696755973622205,
        0.04218792516396691,
        0.0345713021925961,
        0.04000032915733755,
        0.030040654958536226,
        0.020607811239548027
    ],
    "train_acc": [
        88.39285714285714,
        94.71428571428572,
        95.94285714285714,
        96.525,
        97.18214285714286,
        97.39642857142857,
        97.50357142857143,
        97.54642857142856,
        97.75714285714285,
        97.85000000000001,
        97.92142857142856,
        97.91071428571428,
        98.03214285714286,
        98.33214285714286,
        98.26428571428572
    ],
    "val_acc": [
        81.56666666666666,
        81.76666666666667,
        97.0,
        98.7,
        98.31666666666666,
        98.55000000000001,
        99.2,
        99.26666666666667,
        98.81666666666666,
        99.35000000000001,
        99.3,
        99.45,
        99.43333333333332,
        99.61666666666666,
        99.65
    ]
}