{
    "train_loss": [
        0.39094560359205516,
        0.23263498540861266,
        0.1926174381779773,
        0.06580760491153757,
        0.030952499926871886,
        0.022406695788144134,
        0.018643143151616512,
        0.017770314425500276,
        0.01537986034027043,
        0.014785054247651714,
        0.013995038771288819,
        0.013547048293432454,
        0.013330988391616432,
        0.011756689375118834,
        0.01352590955499701
    ],
    "val_loss": [
        NaN,
        NaN,
        NaN,
        NaN,
        NaN,
        NaN,
        NaN,
        NaN,
        NaN,
        NaN,
        NaN,
        NaN,
        NaN,
        NaN,
        NaN
    ],
    "train_acc": [
        87.575,
        92.95,
        93.74285714285713,
        97.83571428571427,
        99.0607142857143,
        99.28214285714286,
        99.41428571428571,
        99.47500000000001,
        99.5142857142857,
        99.54285714285714,
        99.55000000000001,
        99.51071428571429,
        99.61428571428571,
        99.62142857142857,
        99.56785714285714
    ],
    "val_acc": [
        52.0,
        52.53333333333333,
        52.38333333333334,
        52.28333333333334,
        51.88333333333334,
        52.25,
        52.63333333333333,
        52.25,
        51.583333333333336,
        51.583333333333336,
        51.81666666666666,
        51.733333333333334,
        51.583333333333336,
        51.949999999999996,
        51.866666666666674
    ]
}