{
    "accuracy": 0.5436666666666666,
    "precision": 0.5592224231464737,
    "recall": 0.41233333333333333,
    "f1_score": 0.4746738296239447,
    "roc_auc": 0.5008991111111111,
    "avg_latency_ms": 0.7544499335381261
}