{
    "accuracy": 0.9813333333333333,
    "precision": 0.9989633724948168,
    "recall": 0.9636666666666667,
    "f1_score": 0.9809976247030879,
    "roc_auc": 0.9994545555555556,
    "avg_latency_ms": 0.37168048537692966
}