{
    "train_loss": [
        0.3804646045139858,
        0.21041437648875372,
        0.16948692701756954,
        0.06340342583287774,
        0.03349949300472092,
        0.026091762357956863,
        0.02440378646557552,
        0.018341525281355384,
        0.018065840536649506,
        0.01481869132706197,
        0.01502170570436283,
        0.014556273901348634,
        0.013099385537458668,
        0.014114043876774044,
        0.012932344015454874
    ],
    "val_loss": [
        0.3978570353190104,
        0.40761549746990206,
        0.331899295647939,
        0.13068872679024934,
        0.09527193175007899,
        0.06724539401568472,
        0.08770260709834596,
        0.07479658119442563,
        0.09603589633262406,
        0.06529233796490977,
        0.06339083522884176,
        0.06257486050001657,
        0.06097156423407917,
        0.07956020968810966,
        0.08551012729139378
    ],
    "train_acc": [
        90.075,
        94.36428571428571,
        94.87142857142857,
        98.0,
        98.89285714285714,
        99.15714285714286,
        99.24642857142857,
        99.41785714285714,
        99.45,
        99.55000000000001,
        99.53928571428573,
        99.55000000000001,
        99.60714285714286,
        99.58214285714286,
        99.60357142857143
    ],
    "val_acc": [
        83.51666666666667,
        77.96666666666667,
        83.89999999999999,
        94.93333333333334,
        96.43333333333334,
        97.48333333333333,
        96.55,
        96.98333333333333,
        96.1,
        97.33333333333334,
        97.33333333333334,
        97.43333333333334,
        97.53333333333333,
        96.83333333333334,
        96.56666666666666
    ]
}