{
    "accuracy": 0.9331666666666667,
    "precision": 0.8859518859518859,
    "recall": 0.9943333333333333,
    "f1_score": 0.9370190042406157,
    "roc_auc": 0.9975663333333334,
    "avg_latency_ms": 0.16747794228301266
}