{
    "train_loss": [
        0.16351606524250376,
        0.058453902811529714,
        0.04762208803958439,
        0.03838571848416137,
        0.03842327428272489
    ],
    "val_loss": [
        0.20326940719286601,
        0.33518004314104716,
        0.17460707211494444,
        0.14752010313669842,
        0.16518516989549
    ],
    "train_acc": [
        94.45240825688074,
        97.9752006880734,
        98.34432339449542,
        98.6740252293578,
        98.62743692660551
    ],
    "val_acc": [
        97.88333333333334,
        89.46666666666667,
        92.75,
        93.51666666666667,
        93.21666666666667
    ]
}